{
  "warnings": [
    {
      "file": "/Users/fabian/Workspace/iOS/mapbox-gl-native/platform/darwin/src/MGLAccountManager.h",
      "line": 47,
      "symbol": "MGLAccountManager.+mapboxMetricsEnabledSettingShownInApp",
      "symbol_kind": "sourcekitten.source.lang.objc.decl.method.class",
      "warning": "undocumented"
    },
    {
      "file": "/Users/fabian/Workspace/iOS/mapbox-gl-native/platform/darwin/src/MGLBackgroundStyleLayer.h",
      "line": 27,
      "symbol": "MGLBackgroundStyleLayer.-initWithIdentifier:",
      "symbol_kind": "sourcekitten.source.lang.objc.decl.method.instance",
      "warning": "undocumented"
    },
    {
      "file": "/Users/fabian/Workspace/iOS/mapbox-gl-native/platform/darwin/src/MGLCircleStyleLayer.h",
      "line": 261,
      "symbol": "MGLCircleStyleLayer.circlePitchScale",
      "symbol_kind": "sourcekitten.source.lang.objc.decl.property",
      "warning": "undocumented"
    },
    {
      "file": "/Users/fabian/Workspace/iOS/mapbox-gl-native/platform/darwin/src/MGLCircleStyleLayer.h",
      "line": 442,
      "symbol": "MGLCircleStyleLayer.circleTranslate",
      "symbol_kind": "sourcekitten.source.lang.objc.decl.property",
      "warning": "undocumented"
    },
    {
      "file": "/Users/fabian/Workspace/iOS/mapbox-gl-native/platform/darwin/src/MGLCircleStyleLayer.h",
      "line": 466,
      "symbol": "MGLCircleStyleLayer.circleTranslateAnchor",
      "symbol_kind": "sourcekitten.source.lang.objc.decl.property",
      "warning": "undocumented"
    },
    {
      "file": "/Users/fabian/Workspace/iOS/mapbox-gl-native/platform/darwin/src/MGLFeature.h",
      "line": 207,
      "symbol": "MGLMultiPointFeature",
      "symbol_kind": "sourcekitten.source.lang.objc.decl.unexposed",
      "warning": "undocumented"
    },
    {
      "file": "/Users/fabian/Workspace/iOS/mapbox-gl-native/platform/darwin/src/MGLFeature.h",
      "line": 246,
      "symbol": "MGLShapeCollectionFeature.shapes",
      "symbol_kind": "sourcekitten.source.lang.objc.decl.property",
      "warning": "undocumented"
    },
    {
      "file": "/Users/fabian/Workspace/iOS/mapbox-gl-native/platform/darwin/src/MGLFeature.h",
      "line": 248,
      "symbol": "MGLShapeCollectionFeature.+shapeCollectionWithShapes:",
      "symbol_kind": "sourcekitten.source.lang.objc.decl.method.class",
      "warning": "undocumented"
    },
    {
      "file": "/Users/fabian/Workspace/iOS/mapbox-gl-native/platform/darwin/src/MGLFillStyleLayer.h",
      "line": 76,
      "symbol": "MGLFillStyleLayer.fillAntialias",
      "symbol_kind": "sourcekitten.source.lang.objc.decl.property",
      "warning": "undocumented"
    },
    {
      "file": "/Users/fabian/Workspace/iOS/mapbox-gl-native/platform/darwin/src/MGLFillStyleLayer.h",
      "line": 307,
      "symbol": "MGLFillStyleLayer.fillTranslate",
      "symbol_kind": "sourcekitten.source.lang.objc.decl.property",
      "warning": "undocumented"
    },
    {
      "file": "/Users/fabian/Workspace/iOS/mapbox-gl-native/platform/darwin/src/MGLFillStyleLayer.h",
      "line": 331,
      "symbol": "MGLFillStyleLayer.fillTranslateAnchor",
      "symbol_kind": "sourcekitten.source.lang.objc.decl.property",
      "warning": "undocumented"
    },
    {
      "file": "/Users/fabian/Workspace/iOS/mapbox-gl-native/platform/darwin/src/MGLForegroundStyleLayer.h",
      "line": 23,
      "symbol": "MGLForegroundStyleLayer.-init",
      "symbol_kind": "sourcekitten.source.lang.objc.decl.method.instance",
      "warning": "undocumented"
    },
    {
      "file": "/Users/fabian/Workspace/iOS/mapbox-gl-native/platform/darwin/src/MGLForegroundStyleLayer.h",
      "line": 24,
      "symbol": "MGLForegroundStyleLayer.-initWithIdentifier:",
      "symbol_kind": "sourcekitten.source.lang.objc.decl.method.instance",
      "warning": "undocumented"
    },
    {
      "file": "/Users/fabian/Workspace/iOS/mapbox-gl-native/platform/darwin/src/MGLGeometry.h",
      "line": 15,
      "symbol": "MGLCoordinateSpan",
      "symbol_kind": "sourcekitten.source.lang.objc.decl.typedef",
      "warning": "undocumented"
    },
    {
      "file": "/Users/fabian/Workspace/iOS/mapbox-gl-native/platform/darwin/src/MGLGeometry.h",
      "line": 46,
      "symbol": "MGLCoordinateBounds",
      "symbol_kind": "sourcekitten.source.lang.objc.decl.typedef",
      "warning": "undocumented"
    },
    {
      "file": "/Users/fabian/Workspace/iOS/mapbox-gl-native/platform/darwin/src/MGLLineStyleLayer.h",
      "line": 312,
      "symbol": "MGLLineStyleLayer.lineDasharray",
      "symbol_kind": "sourcekitten.source.lang.objc.decl.property",
      "warning": "undocumented"
    },
    {
      "file": "/Users/fabian/Workspace/iOS/mapbox-gl-native/platform/darwin/src/MGLLineStyleLayer.h",
      "line": 490,
      "symbol": "MGLLineStyleLayer.lineTranslate",
      "symbol_kind": "sourcekitten.source.lang.objc.decl.property",
      "warning": "undocumented"
    },
    {
      "file": "/Users/fabian/Workspace/iOS/mapbox-gl-native/platform/darwin/src/MGLLineStyleLayer.h",
      "line": 514,
      "symbol": "MGLLineStyleLayer.lineTranslateAnchor",
      "symbol_kind": "sourcekitten.source.lang.objc.decl.property",
      "warning": "undocumented"
    },
    {
      "file": "/Users/fabian/Workspace/iOS/mapbox-gl-native/platform/darwin/src/MGLOfflinePack.h",
      "line": 94,
      "symbol": "MGLOfflinePackProgress",
      "symbol_kind": "sourcekitten.source.lang.objc.decl.typedef",
      "warning": "undocumented"
    },
    {
      "file": "/Users/fabian/Workspace/iOS/mapbox-gl-native/platform/darwin/src/MGLOfflineStorage.h",
      "line": 73,
      "symbol": "MGLOfflinePackStateUserInfoKey",
      "symbol_kind": "sourcekitten.source.lang.objc.decl.constant",
      "warning": "undocumented"
    },
    {
      "file": "/Users/fabian/Workspace/iOS/mapbox-gl-native/platform/darwin/src/MGLOfflineStorage.h",
      "line": 84,
      "symbol": "MGLOfflinePackProgressUserInfoKey",
      "symbol_kind": "sourcekitten.source.lang.objc.decl.constant",
      "warning": "undocumented"
    },
    {
      "file": "/Users/fabian/Workspace/iOS/mapbox-gl-native/platform/darwin/src/MGLOfflineStorage.h",
      "line": 94,
      "symbol": "MGLOfflinePackErrorUserInfoKey",
      "symbol_kind": "sourcekitten.source.lang.objc.decl.constant",
      "warning": "undocumented"
    },
    {
      "file": "/Users/fabian/Workspace/iOS/mapbox-gl-native/platform/darwin/src/MGLOfflineStorage.h",
      "line": 106,
      "symbol": "MGLOfflinePackMaximumCountUserInfoKey",
      "symbol_kind": "sourcekitten.source.lang.objc.decl.constant",
      "warning": "undocumented"
    },
    {
      "file": "/Users/fabian/Workspace/iOS/mapbox-gl-native/platform/darwin/src/MGLOpenGLStyleLayer.h",
      "line": 12,
      "symbol": "MGLStyleLayerDrawingContext",
      "symbol_kind": "sourcekitten.source.lang.objc.decl.struct",
      "warning": "undocumented"
    },
    {
      "file": "/Users/fabian/Workspace/iOS/mapbox-gl-native/platform/darwin/src/MGLOpenGLStyleLayer.h",
      "line": 19,
      "symbol": "MGLStyleLayerDrawingContext",
      "symbol_kind": "sourcekitten.source.lang.objc.decl.typedef",
      "warning": "undocumented"
    },
    {
      "file": "/Users/fabian/Workspace/iOS/mapbox-gl-native/platform/darwin/src/MGLOpenGLStyleLayer.h",
      "line": 22,
      "symbol": "MGLOpenGLStyleLayer",
      "symbol_kind": "sourcekitten.source.lang.objc.decl.class",
      "warning": "undocumented"
    },
    {
      "file": "/Users/fabian/Workspace/iOS/mapbox-gl-native/platform/darwin/src/MGLRasterSource.h",
      "line": 107,
      "symbol": "MGLRasterSource.-initWithIdentifier:tileURLTemplates:options:",
      "symbol_kind": "sourcekitten.source.lang.objc.decl.method.instance",
      "warning": "undocumented"
    },
    {
      "file": "/Users/fabian/Workspace/iOS/mapbox-gl-native/platform/darwin/src/MGLRasterStyleLayer.h",
      "line": 69,
      "symbol": "MGLRasterStyleLayer.rasterBrightnessMax",
      "symbol_kind": "sourcekitten.source.lang.objc.decl.property",
      "warning": "undocumented"
    },
    {
      "file": "/Users/fabian/Workspace/iOS/mapbox-gl-native/platform/darwin/src/MGLRasterStyleLayer.h",
      "line": 99,
      "symbol": "MGLRasterStyleLayer.rasterBrightnessMin",
      "symbol_kind": "sourcekitten.source.lang.objc.decl.property",
      "warning": "undocumented"
    },
    {
      "file": "/Users/fabian/Workspace/iOS/mapbox-gl-native/platform/darwin/src/MGLRasterStyleLayer.h",
      "line": 178,
      "symbol": "MGLRasterStyleLayer.rasterHueRotate",
      "symbol_kind": "sourcekitten.source.lang.objc.decl.property",
      "warning": "undocumented"
    },
    {
      "file": "/Users/fabian/Workspace/iOS/mapbox-gl-native/platform/darwin/src/MGLSource.h",
      "line": 28,
      "symbol": "MGLSource.-init",
      "symbol_kind": "sourcekitten.source.lang.objc.decl.method.instance",
      "warning": "undocumented"
    },
    {
      "file": "/Users/fabian/Workspace/iOS/mapbox-gl-native/platform/darwin/src/MGLStyleLayer.h",
      "line": 30,
      "symbol": "MGLStyleLayer.-init",
      "symbol_kind": "sourcekitten.source.lang.objc.decl.method.instance",
      "warning": "undocumented"
    },
    {
      "file": "/Users/fabian/Workspace/iOS/mapbox-gl-native/platform/darwin/src/MGLStyleValue.h",
      "line": 216,
      "symbol": "MGLConstantStyleValue.-init",
      "symbol_kind": "sourcekitten.source.lang.objc.decl.method.instance",
      "warning": "undocumented"
    },
    {
      "file": "/Users/fabian/Workspace/iOS/mapbox-gl-native/platform/darwin/src/MGLStyleValue.h",
      "line": 235,
      "symbol": "MGLStyleConstantValue",
      "symbol_kind": "sourcekitten.source.lang.objc.decl.unexposed",
      "warning": "undocumented"
    },
    {
      "file": "/Users/fabian/Workspace/iOS/mapbox-gl-native/platform/darwin/src/MGLSymbolStyleLayer.h",
      "line": 309,
      "symbol": "MGLSymbolStyleLayer.iconAllowOverlap",
      "symbol_kind": "sourcekitten.source.lang.objc.decl.property",
      "warning": "undocumented"
    },
    {
      "file": "/Users/fabian/Workspace/iOS/mapbox-gl-native/platform/darwin/src/MGLSymbolStyleLayer.h",
      "line": 334,
      "symbol": "MGLSymbolStyleLayer.iconIgnorePlacement",
      "symbol_kind": "sourcekitten.source.lang.objc.decl.property",
      "warning": "undocumented"
    },
    {
      "file": "/Users/fabian/Workspace/iOS/mapbox-gl-native/platform/darwin/src/MGLSymbolStyleLayer.h",
      "line": 353,
      "symbol": "MGLSymbolStyleLayer.iconImage",
      "symbol_kind": "sourcekitten.source.lang.objc.decl.property",
      "warning": "undocumented"
    },
    {
      "file": "/Users/fabian/Workspace/iOS/mapbox-gl-native/platform/darwin/src/MGLSymbolStyleLayer.h",
      "line": 489,
      "symbol": "MGLSymbolStyleLayer.iconRotate",
      "symbol_kind": "sourcekitten.source.lang.objc.decl.property",
      "warning": "undocumented"
    },
    {
      "file": "/Users/fabian/Workspace/iOS/mapbox-gl-native/platform/darwin/src/MGLSymbolStyleLayer.h",
      "line": 534,
      "symbol": "MGLSymbolStyleLayer.iconSize",
      "symbol_kind": "sourcekitten.source.lang.objc.decl.property",
      "warning": "undocumented"
    },
    {
      "file": "/Users/fabian/Workspace/iOS/mapbox-gl-native/platform/darwin/src/MGLSymbolStyleLayer.h",
      "line": 628,
      "symbol": "MGLSymbolStyleLayer.iconKeepUpright",
      "symbol_kind": "sourcekitten.source.lang.objc.decl.property",
      "warning": "undocumented"
    },
    {
      "file": "/Users/fabian/Workspace/iOS/mapbox-gl-native/platform/darwin/src/MGLSymbolStyleLayer.h",
      "line": 657,
      "symbol": "MGLSymbolStyleLayer.textKeepUpright",
      "symbol_kind": "sourcekitten.source.lang.objc.decl.property",
      "warning": "undocumented"
    },
    {
      "file": "/Users/fabian/Workspace/iOS/mapbox-gl-native/platform/darwin/src/MGLSymbolStyleLayer.h",
      "line": 686,
      "symbol": "MGLSymbolStyleLayer.textMaxAngle",
      "symbol_kind": "sourcekitten.source.lang.objc.decl.property",
      "warning": "undocumented"
    },
    {
      "file": "/Users/fabian/Workspace/iOS/mapbox-gl-native/platform/darwin/src/MGLSymbolStyleLayer.h",
      "line": 714,
      "symbol": "MGLSymbolStyleLayer.textMaxWidth",
      "symbol_kind": "sourcekitten.source.lang.objc.decl.property",
      "warning": "undocumented"
    },
    {
      "file": "/Users/fabian/Workspace/iOS/mapbox-gl-native/platform/darwin/src/MGLSymbolStyleLayer.h",
      "line": 739,
      "symbol": "MGLSymbolStyleLayer.symbolAvoidEdges",
      "symbol_kind": "sourcekitten.source.lang.objc.decl.property",
      "warning": "undocumented"
    },
    {
      "file": "/Users/fabian/Workspace/iOS/mapbox-gl-native/platform/darwin/src/MGLSymbolStyleLayer.h",
      "line": 809,
      "symbol": "MGLSymbolStyleLayer.textField",
      "symbol_kind": "sourcekitten.source.lang.objc.decl.property",
      "warning": "undocumented"
    },
    {
      "file": "/Users/fabian/Workspace/iOS/mapbox-gl-native/platform/darwin/src/MGLSymbolStyleLayer.h",
      "line": 835,
      "symbol": "MGLSymbolStyleLayer.textAllowOverlap",
      "symbol_kind": "sourcekitten.source.lang.objc.decl.property",
      "warning": "undocumented"
    },
    {
      "file": "/Users/fabian/Workspace/iOS/mapbox-gl-native/platform/darwin/src/MGLSymbolStyleLayer.h",
      "line": 888,
      "symbol": "MGLSymbolStyleLayer.textFont",
      "symbol_kind": "sourcekitten.source.lang.objc.decl.property",
      "warning": "undocumented"
    },
    {
      "file": "/Users/fabian/Workspace/iOS/mapbox-gl-native/platform/darwin/src/MGLSymbolStyleLayer.h",
      "line": 916,
      "symbol": "MGLSymbolStyleLayer.textSize",
      "symbol_kind": "sourcekitten.source.lang.objc.decl.property",
      "warning": "undocumented"
    },
    {
      "file": "/Users/fabian/Workspace/iOS/mapbox-gl-native/platform/darwin/src/MGLSymbolStyleLayer.h",
      "line": 941,
      "symbol": "MGLSymbolStyleLayer.textIgnorePlacement",
      "symbol_kind": "sourcekitten.source.lang.objc.decl.property",
      "warning": "undocumented"
    },
    {
      "file": "/Users/fabian/Workspace/iOS/mapbox-gl-native/platform/darwin/src/MGLSymbolStyleLayer.h",
      "line": 966,
      "symbol": "MGLSymbolStyleLayer.textJustify",
      "symbol_kind": "sourcekitten.source.lang.objc.decl.property",
      "warning": "undocumented"
    },
    {
      "file": "/Users/fabian/Workspace/iOS/mapbox-gl-native/platform/darwin/src/MGLSymbolStyleLayer.h",
      "line": 1139,
      "symbol": "MGLSymbolStyleLayer.textRotate",
      "symbol_kind": "sourcekitten.source.lang.objc.decl.property",
      "warning": "undocumented"
    },
    {
      "file": "/Users/fabian/Workspace/iOS/mapbox-gl-native/platform/darwin/src/MGLSymbolStyleLayer.h",
      "line": 1492,
      "symbol": "MGLSymbolStyleLayer.iconTranslate",
      "symbol_kind": "sourcekitten.source.lang.objc.decl.property",
      "warning": "undocumented"
    },
    {
      "file": "/Users/fabian/Workspace/iOS/mapbox-gl-native/platform/darwin/src/MGLSymbolStyleLayer.h",
      "line": 1516,
      "symbol": "MGLSymbolStyleLayer.iconTranslateAnchor",
      "symbol_kind": "sourcekitten.source.lang.objc.decl.property",
      "warning": "undocumented"
    },
    {
      "file": "/Users/fabian/Workspace/iOS/mapbox-gl-native/platform/darwin/src/MGLSymbolStyleLayer.h",
      "line": 1817,
      "symbol": "MGLSymbolStyleLayer.textTranslate",
      "symbol_kind": "sourcekitten.source.lang.objc.decl.property",
      "warning": "undocumented"
    },
    {
      "file": "/Users/fabian/Workspace/iOS/mapbox-gl-native/platform/darwin/src/MGLSymbolStyleLayer.h",
      "line": 1841,
      "symbol": "MGLSymbolStyleLayer.textTranslateAnchor",
      "symbol_kind": "sourcekitten.source.lang.objc.decl.property",
      "warning": "undocumented"
    },
    {
      "file": "/Users/fabian/Workspace/iOS/mapbox-gl-native/platform/darwin/src/MGLTilePyramidOfflineRegion.h",
      "line": 47,
      "symbol": "MGLTilePyramidOfflineRegion.-init",
      "symbol_kind": "sourcekitten.source.lang.objc.decl.method.instance",
      "warning": "undocumented"
    },
    {
      "file": "/Users/fabian/Workspace/iOS/mapbox-gl-native/platform/darwin/src/MGLTileSource.h",
      "line": 152,
      "symbol": "MGLTileSource.-init",
      "symbol_kind": "sourcekitten.source.lang.objc.decl.method.instance",
      "warning": "undocumented"
    },
    {
      "file": "/Users/fabian/Workspace/iOS/mapbox-gl-native/platform/darwin/src/MGLTileSource.h",
      "line": 153,
      "symbol": "MGLTileSource.-initWithIdentifier:",
      "symbol_kind": "sourcekitten.source.lang.objc.decl.method.instance",
      "warning": "undocumented"
    },
    {
      "file": "/Users/fabian/Workspace/iOS/mapbox-gl-native/platform/darwin/src/MGLTypes.h",
      "line": 86,
      "symbol": "MGLTransition",
      "symbol_kind": "sourcekitten.source.lang.objc.decl.typedef",
      "warning": "undocumented"
    },
    {
      "file": "/Users/fabian/Workspace/iOS/mapbox-gl-native/platform/darwin/src/MGLVectorSource.h",
      "line": 54,
      "symbol": "MGLVectorSource.-initWithIdentifier:configurationURL:",
      "symbol_kind": "sourcekitten.source.lang.objc.decl.method.instance",
      "warning": "undocumented"
    },
    {
      "file": "/Users/fabian/Workspace/iOS/mapbox-gl-native/platform/darwin/src/MGLVectorSource.h",
      "line": 56,
      "symbol": "MGLVectorSource.-initWithIdentifier:tileURLTemplates:options:",
      "symbol_kind": "sourcekitten.source.lang.objc.decl.method.instance",
      "warning": "undocumented"
    },
    {
      "file": "/Users/fabian/Workspace/iOS/mapbox-gl-native/platform/ios/src/MGLAnnotationView.h",
      "line": 186,
      "symbol": "MGLAnnotationView.enabled",
      "symbol_kind": "sourcekitten.source.lang.objc.decl.property",
      "warning": "undocumented"
    },
    {
      "file": "/Users/fabian/Workspace/iOS/mapbox-gl-native/platform/ios/src/MGLMapView+IBAdditions.h",
      "line": 7,
      "symbol": "MGLMapView(IBAdditions)",
      "symbol_kind": "sourcekitten.source.lang.objc.decl.category",
      "warning": "undocumented"
    },
    {
      "file": "/Users/fabian/Workspace/iOS/mapbox-gl-native/platform/ios/src/MGLMapView.h",
      "line": 267,
      "symbol": "MGLMapView.styleClasses",
      "symbol_kind": "sourcekitten.source.lang.objc.decl.property",
      "warning": "undocumented"
    },
    {
      "file": "/Users/fabian/Workspace/iOS/mapbox-gl-native/platform/ios/src/MGLMapView.h",
      "line": 269,
      "symbol": "MGLMapView.-hasStyleClass:",
      "symbol_kind": "sourcekitten.source.lang.objc.decl.method.instance",
      "warning": "undocumented"
    },
    {
      "file": "/Users/fabian/Workspace/iOS/mapbox-gl-native/platform/ios/src/MGLMapView.h",
      "line": 271,
      "symbol": "MGLMapView.-addStyleClass:",
      "symbol_kind": "sourcekitten.source.lang.objc.decl.method.instance",
      "warning": "undocumented"
    },
    {
      "file": "/Users/fabian/Workspace/iOS/mapbox-gl-native/platform/ios/src/MGLMapView.h",
      "line": 273,
      "symbol": "MGLMapView.-removeStyleClass:",
      "symbol_kind": "sourcekitten.source.lang.objc.decl.method.instance",
      "warning": "undocumented"
    },
    {
      "file": "/Users/fabian/Workspace/iOS/mapbox-gl-native/platform/ios/src/MGLMapView.h",
      "line": 956,
      "symbol": "MGLMapView.-metersPerPixelAtLatitude:",
      "symbol_kind": "sourcekitten.source.lang.objc.decl.method.instance",
      "warning": "undocumented"
    },
    {
      "file": "/Users/fabian/Workspace/iOS/mapbox-gl-native/platform/ios/src/MGLMapView.h",
      "line": 1367,
      "symbol": "MGLMapView.debugActive",
      "symbol_kind": "sourcekitten.source.lang.objc.decl.property",
      "warning": "undocumented"
    },
    {
      "file": "/Users/fabian/Workspace/iOS/mapbox-gl-native/platform/ios/src/MGLMapView.h",
      "line": 1369,
      "symbol": "MGLMapView.-toggleDebug",
      "symbol_kind": "sourcekitten.source.lang.objc.decl.method.instance",
      "warning": "undocumented"
    },
    {
      "file": "/Users/fabian/Workspace/iOS/mapbox-gl-native/platform/ios/src/MGLMapView.h",
      "line": 1371,
      "symbol": "MGLMapView.-emptyMemoryCache",
      "symbol_kind": "sourcekitten.source.lang.objc.decl.method.instance",
      "warning": "undocumented"
    },
    {
      "file": "/Users/fabian/Workspace/iOS/mapbox-gl-native/platform/ios/src/MGLMapViewDelegate.h",
      "line": 122,
      "symbol": "MGLMapViewDelegate.-mapViewWillStartRenderingMap:",
      "symbol_kind": "sourcekitten.source.lang.objc.decl.method.instance",
      "warning": "undocumented"
    },
    {
      "file": "/Users/fabian/Workspace/iOS/mapbox-gl-native/platform/ios/src/MGLMapViewDelegate.h",
      "line": 125,
      "symbol": "MGLMapViewDelegate.-mapViewDidFinishRenderingMap:fullyRendered:",
      "symbol_kind": "sourcekitten.source.lang.objc.decl.method.instance",
      "warning": "undocumented"
    }
  ],
  "source_directory": "/Users/fabian/Workspace/iOS/mapbox-gl-native"
}